{"cameraMode":{"drawMode":0,"name":"Shaded","section":"Shading Mode"},"sceneLighting":true,"audioPlay":false,"sceneViewState":{"showFog":true,"showMaterialUpdate":false,"showSkybox":true,"showFlares":true,"showImageEffects":true,"showParticleSystems":true},"in2DMode":false,"pivot":{"x":-0.17670249938964845,"y":1.0365625619888306,"z":-0.028777360916137697},"rotation":{"x":-0.05378689616918564,"y":0.9435971975326538,"z":-0.2648209035396576,"w":-0.1916828155517578},"size":1.5502500534057618,"orthographic":false}