{"cameraMode":{"drawMode":0,"name":"Shaded","section":"Shading Mode"},"sceneLighting":false,"audioPlay":false,"sceneViewState":{"showFog":true,"showMaterialUpdate":false,"showSkybox":false,"showFlares":true,"showImageEffects":true,"showParticleSystems":true},"in2DMode":false,"pivot":{"x":-3.2699999809265138,"y":1.044935703277588,"z":4.7088398933410648},"rotation":{"x":-0.01242829766124487,"y":0.9738833904266357,"z":-0.2201421707868576,"w":-0.05499555915594101},"size":3.0395119190216066,"orthographic":false}