{"cameraMode":{"drawMode":0,"name":"Shaded","section":"Shading Mode"},"sceneLighting":false,"audioPlay":false,"sceneViewState":{"showFog":true,"showMaterialUpdate":false,"showSkybox":false,"showFlares":true,"showImageEffects":true,"showParticleSystems":true},"in2DMode":false,"pivot":{"x":-3.807000160217285,"y":1.044935703277588,"z":-1.8226429224014283},"rotation":{"x":0.2088487446308136,"y":0.6730346083641052,"z":-0.20708321034908296,"w":0.6786953210830689},"size":3.4708380699157717,"orthographic":false}