{"cameraMode":{"drawMode":0,"name":"Shaded","section":"Shading Mode"},"sceneLighting":false,"audioPlay":false,"sceneViewState":{"showFog":true,"showMaterialUpdate":false,"showSkybox":false,"showFlares":true,"showImageEffects":true,"showParticleSystems":true},"in2DMode":false,"pivot":{"x":0.0,"y":2.040114641189575,"z":0.3396990895271301},"rotation":{"x":0.04901012033224106,"y":-0.946699321269989,"z":0.17404139041900636,"w":0.26660582423210146},"size":2.4736979007720949,"orthographic":false}