{"cameraMode":{"drawMode":0,"name":"Shaded","section":"Shading Mode"},"sceneLighting":false,"audioPlay":false,"sceneViewState":{"showFog":true,"showMaterialUpdate":false,"showSkybox":false,"showFlares":true,"showImageEffects":true,"showParticleSystems":true},"in2DMode":false,"pivot":{"x":-0.6625000238418579,"y":1.3774088621139527,"z":-0.08815768361091614},"rotation":{"x":0.11615357547998429,"y":-0.004162877798080444,"z":0.0005033495253883302,"w":0.9932875633239746},"size":0.5323871970176697,"orthographic":false}